Designator,Footprint,Quantity,Value,LCSC Part #
R28,R_0402_1005Metric,1,10k,
J11,"PhoenixContact_MC_1,5_2-G-5.08_1x02_P5.08mm_Horizontal",1,CAN2,
C21,C_0402_1005Metric,1,10pf,
C10,C_2220_5650Metric,1,100nf/2kv,
R9,R_0402_1005Metric,1,10k,
R37,R_0402_1005Metric,1,316k,
R10,R_0402_1005Metric,1,10k,
C1,C_0402_1005Metric,1,0.1uf,
R5,R_0402_1005Metric,1,10k,
R6,R_0402_1005Metric,1,1k,
C4,C_0402_1005Metric,1,0.1uf,
C16,C_0402_1005Metric,1,0.1uf,
L4,IND-SMD_L2.5-W2.0,1,2.2uh,
R4,R_0402_1005Metric,1,10k,
J8,"PhoenixContact_MC_1,5_2-G-5.08_1x02_P5.08mm_Horizontal",1,485,
R27,R_0402_1005Metric,1,10k,
L1,RJ45-TH_HR911130C,1,HR911130C,
J12,"PhoenixContact_MC_1,5_4-G-5.08_1x04_P5.08mm_Horizontal",1,POWER IN,
R15,R_0402_1005Metric,1,1k,
C13,C_0402_1005Metric,1,0.1uf,
BT1,PinHeader_1x02_P2.54mm_Vertical,1,Battery,
C27,C_0805_2012Metric,1,22uf,
Y2,Crystal_SMD_3215-2Pin_3.2x1.5mm,1,32.768,
J5,PinHeader_1x06_P2.54mm_Vertical,1,DEBUG,
J6,PinHeader_1x05_P2.54mm_Vertical,1,AD,
C23,C_0402_1005Metric,1,1uf,
_3,,1,,
TP2,SolderJumper-2_P1.3mm_Open_TrianglePad1.0x1.5mm,1,CRST,
J10,PinHeader_1x05_P2.54mm_Vertical,1,CAN2_DBG,
R38,R_0402_1005Metric,1,0r,
R25,R_0402_1005Metric,1,5.1k,
R20,R_0402_1005Metric,1,10k,
C20,C_0402_1005Metric,1,10pf,
_2,,1,,
L2,L_0402_1005Metric,1,2uh,
R36,R_0402_1005Metric,1,18.7k,
C29,C_0402_1005Metric,1,22pf,
R30,R_0402_1005Metric,1,10k,
R18,R_0603_1608Metric,1,1m,
J4,PinHeader_1x02_P2.54mm_Vertical,1,TAMPER,
J2,"PhoenixContact_MC_1,5_2-G-5.08_1x02_P5.08mm_Horizontal",1,LIN,
R35,R_0402_1005Metric,1,1430k,
R2,R_0402_1005Metric,1,10k,
R24,R_0402_1005Metric,1,470r,
R33,R_0402_1005Metric,1,100k,
C30,C_0805_2012Metric,1,22uf,
U1,SOIC-8_3.9x4.9mm_P1.27mm,1,TJA1021T,
C22,C_0402_1005Metric,1,0.1uf,
C17,C_0402_1005Metric,1,0.1uf,
U10,SOIC-8_3.9x4.9mm_P1.27mm,1,TJA1042T-3,
C2,C_0402_1005Metric,1,0.1uf,
R39,R_0402_1005Metric,1,10k,
D2,DFN1006-2L-BI,1,PESDNC2FD5VB,
R1,R_0402_1005Metric,1,10k,
D4,DFN1006-2L-BI,1,PESDNC2FD5VB,
U11,SOT-23-6,1,MT1470,
C14,C_0402_1005Metric,1,0.1uf,
C3,C_0402_1005Metric,1,1nf,
U4,KEY-SMD_4P,1,RST,
R29,R_0402_1005Metric,1,10k,
R26,R_0402_1005Metric,1,5.1k,
J9,USB_C_Receptacle_Palconn_UTC16-G,1,USB,
D7,SOT-23,1,D_TVS_Dual_AAC,
C28,C_0402_1005Metric,1,22pf,
U12,SOT-23-5,1,MT3520B,
R3,R_0402_1005Metric,1,10k,
C11,C_0402_1005Metric,1,12pf,
R13,R_0402_1005Metric,1,10k,
U2,SOIC-8_3.9x4.9mm_P1.27mm,1,TJA1042T-3,
U9,QFN-28-1EP_4x4mm_P0.4mm_EP2.6x2.6mm,1,CH32V203GxU,
,,1,,
C5,C_0402_1005Metric,1,1uf,
C18,C_0402_1005Metric,1,0.1uf,
C24,C_0805_2012Metric,1,22uf,
C26,C_0805_2012Metric,1,22uf,
R23,R_0402_1005Metric,1,470r,
C7,C_0402_1005Metric,1,12pf,
R16,R_0402_1005Metric,1,0r,
Y1,Crystal_SMD_3225-4Pin_3.2x2.5mm,1,32M,
C9,C_0402_1005Metric,1,1uf,
D5,D_SOD-523,1,D,
R14,R_0402_1005Metric,1,1k,
R32,R_0402_1005Metric,1,100k,
R12,R_0402_1005Metric,1,10k,
L3,IND-SMD_L2.5-W2.0,1,10uh,
Q1,SOP-8_3.9x4.9mm_P1.27mm,1,WSP9435,
U6,SOIC-8_3.9x4.9mm_P1.27mm,1,SP3485CN,
U5,QFN-68-1EP_8x8mm_P0.4mm_EP5.2x5.2mm,1,CH32V208W,
U8,TSSOP-8_4.4x3mm_P0.65mm,1,AT24CS02-XHM,
J1,JST_VH_B5P-VH_1x05_P3.96mm_Vertical,1,SMBUS,
C15,C_0402_1005Metric,1,0.1uf,
U3,KEY-SMD_4P,1,BOOT,
C6,C_0402_1005Metric,1,0.1uf,
D3,DFN1006-2L-BI,1,PESDNC2FD5VB,
R19,R_0603_1608Metric,1,0r,
C8,C_0402_1005Metric,1,12pf,
J3,"PhoenixContact_MC_1,5_2-G-5.08_1x02_P5.08mm_Horizontal",1,CAN1,
J7,PinHeader_1x08_P2.54mm_Vertical,1,CAT1,
R8,R_0402_1005Metric,1,10k,
R34,R_0402_1005Metric,1,100k,
R7,R_0603_1608Metric,1,120r,
AE1,IPEX-20279-001E,1,IPEX,
TP1,SolderJumper-2_P1.3mm_Open_TrianglePad1.0x1.5mm,1,CBOOT,
C12,C_0402_1005Metric,1,12pf,
D1,D_SOD-523,1,D,
R21,R_0402_1005Metric,1,10k,
C19,C_0402_1005Metric,1,0.1uf,
D6,SOT-23,1,BAT54C,
Y3,Crystal_SMD_3225-4Pin_3.2x2.5mm,1,8M,
R11,R_0402_1005Metric,1,10k,
R22,R_0402_1005Metric,1,470r,
C25,C_0805_2012Metric,1,22uf,
R17,R_0402_1005Metric,1,0r,
U7,USON8_L2.0-W3.0-P0.50-BL-EP,1,W25Q32JVZP,
R31,R_0603_1608Metric,1,120r,
